<!--<?xml version="1.0" encoding="UTF-8"?>-->
<!--<beans xmlns="http://www.springframework.org/schema/beans"-->
<!--       xmlns:xsi="http://www.w3.org/2001/XMLSchema-instance"-->
<!--       xmlns:context="http://www.springframework.org/schema/context"-->
<!--       xsi:schemaLocation="http://www.springframework.org/schema/beans-->
<!--        https://www.springframework.org/schema/beans/spring-beans.xsd-->
<!--        http://www.springframework.org/schema/context-->
<!--        https://www.springframework.org/schema/context/spring-context.xsd">-->

<!--    <context:annotation-config/>-->

<!--    <context:component-scan base-package="kr.co.fastcampus.cli"/>-->
<!--    <context:property-placeholder location="classpath:application.properties"/>-->

<!--    <beans profile="default">-->
<!--        <bean id="connectionFactory" class="kr.co.fastcampus.cli.ConnectionFactory">-->
<!--            <constructor-arg name="driverClass" value="org.h2.Driver" />-->
<!--            <constructor-arg name="url" value="jdbc:h2:mem:test"/>-->
<!--            <constructor-arg name="user" value="sa"/>-->
<!--            <constructor-arg name="password" value=""/>-->
<!--        </bean>-->
<!--        <bean id="connection" class="java.sql.Connection"-->
<!--              factory-bean="connectionFactory"-->
<!--              factory-method="createConnection" />-->

<!--        <bean id="dao" class="kr.co.fastcampus.cli.Dao" >-->
<!--            <constructor-arg ref="connection"/>-->
<!--        </bean>-->

<!--        <bean class="kr.co.fastcampus.cli.AppConfig" />-->
<!--    </beans>-->

<!--    <beans profile="dev">-->
<!--        <bean id="connectionFactory" class="kr.co.fastcampus.cli.ConnectionFactory">-->
<!--            <constructor-arg name="driverClass" value="org.h2.Driver" />-->
<!--            <constructor-arg name="url" value="jdbc:h2:file:~/test"/>-->
<!--            <constructor-arg name="user" value="sa"/>-->
<!--            <constructor-arg name="password" value=""/>-->
<!--        </bean>-->

<!--        <bean id="connection" class="java.sql.Connection"-->
<!--              factory-bean="connectionFactory"-->
<!--              factory-method="createConnection" />-->

<!--        <bean id="dao" class="kr.co.fastcampus.cli.Dao" >-->
<!--            <constructor-arg ref="connection"/>-->
<!--        </bean>-->
<!--        <bean class="kr.co.fastcampus.cli.AppConfig" />-->
<!--    </beans>-->
<!--</beans>-->

